{
    "total_candles": 1451,
    "total_trades": 428,
    "win_rate": 49.29906542056075,
    "market_return": 14.614714469072496,
    "strategy_return": -0.6501815107781113
}